filename,graph_type,n,density,seed,runtime_s,peak_memory_kb
degenerate_n10_p100_seed1.json,degenerate,10,1.0,1,0.283131307,523.1552734375
degenerate_n10_p100_seed10.json,degenerate,10,1.0,10,0.04696364499999998,401.04296875
degenerate_n10_p100_seed2.json,degenerate,10,1.0,2,0.046826138999999975,400.400390625
degenerate_n10_p100_seed3.json,degenerate,10,1.0,3,0.04839695099999996,400.498046875
degenerate_n10_p100_seed4.json,degenerate,10,1.0,4,0.5564084969999997,452.7138671875
degenerate_n10_p100_seed5.json,degenerate,10,1.0,5,0.04761294600000001,400.1708984375
degenerate_n10_p100_seed6.json,degenerate,10,1.0,6,0.17565369300000006,430.7607421875
degenerate_n10_p100_seed7.json,degenerate,10,1.0,7,0.04947710100000001,471.9765625
degenerate_n10_p100_seed8.json,degenerate,10,1.0,8,0.042884769000000045,400.0869140625
degenerate_n10_p100_seed9.json,degenerate,10,1.0,9,0.050924794999999995,399.544921875
degenerate_n10_p30_seed1.json,degenerate,10,0.3,1,0.023073928000000007,251.9833984375
degenerate_n10_p30_seed10.json,degenerate,10,0.3,10,0.02158967400000002,228.939453125
degenerate_n10_p30_seed2.json,degenerate,10,0.3,2,0.017131482999999996,206.94140625
degenerate_n10_p30_seed3.json,degenerate,10,0.3,3,0.022038313000000004,229.0693359375
degenerate_n10_p30_seed4.json,degenerate,10,0.3,4,0.018039544000000008,206.5859375
degenerate_n10_p30_seed5.json,degenerate,10,0.3,5,0.020526093000000013,228.677734375
degenerate_n10_p30_seed6.json,degenerate,10,0.3,6,0.05914786899999998,252.236328125
degenerate_n10_p30_seed7.json,degenerate,10,0.3,7,0.10760514600000003,427.9765625
degenerate_n10_p30_seed8.json,degenerate,10,0.3,8,0.052807539999999986,301.16015625
degenerate_n10_p30_seed9.json,degenerate,10,0.3,9,0.028824708,280.421875
degenerate_n10_p60_seed1.json,degenerate,10,0.6,1,0.020670496999999986,228.8076171875
degenerate_n10_p60_seed10.json,degenerate,10,0.6,10,0.029609772999999995,279.3115234375
degenerate_n10_p60_seed2.json,degenerate,10,0.6,2,0.023823796,251.84375
degenerate_n10_p60_seed3.json,degenerate,10,0.6,3,0.09945360599999999,427.3291015625
degenerate_n10_p60_seed4.json,degenerate,10,0.6,4,0.02316361600000001,251.7197265625
degenerate_n10_p60_seed5.json,degenerate,10,0.6,5,0.03464917499999997,342.8115234375
degenerate_n10_p60_seed6.json,degenerate,10,0.6,6,0.020698373,228.3955078125
degenerate_n10_p60_seed7.json,degenerate,10,0.6,7,0.029681808000000014,279.802734375
degenerate_n10_p60_seed8.json,degenerate,10,0.6,8,0.03283804099999998,314.2548828125
degenerate_n10_p60_seed9.json,degenerate,10,0.6,9,0.12152520599999996,416.359375
degenerate_n13_p100_seed1.json,degenerate,13,1.0,1,0.07007282000000004,472.1572265625
degenerate_n13_p100_seed10.json,degenerate,13,1.0,10,0.06917284700000007,447.2646484375
degenerate_n13_p100_seed2.json,degenerate,13,1.0,2,0.07274168100000002,415.400390625
degenerate_n13_p100_seed3.json,degenerate,13,1.0,3,0.07080063800000003,382.076171875
degenerate_n13_p100_seed4.json,degenerate,13,1.0,4,1.1979971009999992,554.1787109375
degenerate_n13_p100_seed5.json,degenerate,13,1.0,5,0.6754982839999997,526.6962890625
degenerate_n13_p100_seed6.json,degenerate,13,1.0,6,0.29565695199999986,513.6787109375
degenerate_n13_p100_seed7.json,degenerate,13,1.0,7,0.06722161199999999,497.880859375
degenerate_n13_p100_seed8.json,degenerate,13,1.0,8,0.07336923699999996,468.068359375
degenerate_n13_p100_seed9.json,degenerate,13,1.0,9,0.070321755,516.1162109375
degenerate_n13_p30_seed1.json,degenerate,13,0.3,1,0.019416541000000002,234.1728515625
degenerate_n13_p30_seed10.json,degenerate,13,0.3,10,0.031574687,316.7080078125
degenerate_n13_p30_seed2.json,degenerate,13,0.3,2,0.019424137000000008,234.87109375
degenerate_n13_p30_seed3.json,degenerate,13,0.3,3,0.02764697499999998,283.2431640625
degenerate_n13_p30_seed4.json,degenerate,13,0.3,4,0.03479428800000003,352.5224609375
degenerate_n13_p30_seed5.json,degenerate,13,0.3,5,0.023429437000000008,258.7529296875
degenerate_n13_p30_seed6.json,degenerate,13,0.3,6,0.020666664000000015,234.2646484375
degenerate_n13_p30_seed7.json,degenerate,13,0.3,7,0.0274855,283.8359375
degenerate_n13_p30_seed8.json,degenerate,13,0.3,8,0.026366249000000008,283.369140625
degenerate_n13_p30_seed9.json,degenerate,13,0.3,9,0.3806758880000003,396.052734375
degenerate_n13_p60_seed1.json,degenerate,13,0.6,1,0.04266516800000001,335.3876953125
degenerate_n13_p60_seed10.json,degenerate,13,0.6,10,0.03386076999999999,353.486328125
degenerate_n13_p60_seed2.json,degenerate,13,0.6,2,0.03291185399999999,315.7412109375
degenerate_n13_p60_seed3.json,degenerate,13,0.6,3,0.04773062899999998,413.3212890625
degenerate_n13_p60_seed4.json,degenerate,13,0.6,4,0.4635727880000007,445.576171875
degenerate_n13_p60_seed5.json,degenerate,13,0.6,5,0.032010311999999985,315.9375
degenerate_n13_p60_seed6.json,degenerate,13,0.6,6,0.048374905,412.208984375
degenerate_n13_p60_seed7.json,degenerate,13,0.6,7,0.03634560399999997,353.0146484375
degenerate_n13_p60_seed8.json,degenerate,13,0.6,8,0.042527868000000024,382.931640625
degenerate_n13_p60_seed9.json,degenerate,13,0.6,9,0.03614660299999999,351.2919921875
degenerate_n16_p100_seed1.json,degenerate,16,1.0,1,0.10315972200000002,493.189453125
degenerate_n16_p100_seed10.json,degenerate,16,1.0,10,0.09921305100000011,497.0126953125
degenerate_n16_p100_seed2.json,degenerate,16,1.0,2,0.09768466699999999,494.1904296875
degenerate_n16_p100_seed3.json,degenerate,16,1.0,3,5.1006690620000015,645.228515625
degenerate_n16_p100_seed4.json,degenerate,16,1.0,4,0.09584869500000003,493.7333984375
degenerate_n16_p100_seed5.json,degenerate,16,1.0,5,0.4308545959999998,610.25
degenerate_n16_p100_seed6.json,degenerate,16,1.0,6,0.10382637999999994,490.369140625
degenerate_n16_p100_seed7.json,degenerate,16,1.0,7,0.09690909799999996,493.0439453125
degenerate_n16_p100_seed8.json,degenerate,16,1.0,8,0.09284403999999997,496.93359375
degenerate_n16_p100_seed9.json,degenerate,16,1.0,9,0.09593203299999997,494.2294921875
degenerate_n16_p30_seed1.json,degenerate,16,0.3,1,0.029103443000000003,313.283203125
degenerate_n16_p30_seed10.json,degenerate,16,0.3,10,0.034106816999999984,350.8701171875
degenerate_n16_p30_seed2.json,degenerate,16,0.3,2,0.04372394900000001,390.208984375
degenerate_n16_p30_seed3.json,degenerate,16,0.3,3,0.035042592000000004,350.4189453125
degenerate_n16_p30_seed4.json,degenerate,16,0.3,4,0.030411947000000005,313.9833984375
degenerate_n16_p30_seed5.json,degenerate,16,0.3,5,0.03864092000000003,388.455078125
degenerate_n16_p30_seed6.json,degenerate,16,0.3,6,0.04163708699999999,389.1171875
degenerate_n16_p30_seed7.json,degenerate,16,0.3,7,0.02180471300000001,261.2001953125
degenerate_n16_p30_seed8.json,degenerate,16,0.3,8,0.034697759999999994,351.1025390625
degenerate_n16_p30_seed9.json,degenerate,16,0.3,9,0.034939891999999986,350.9521484375
degenerate_n16_p60_seed1.json,degenerate,16,0.6,1,3.3757595819999997,562.7578125
degenerate_n16_p60_seed10.json,degenerate,16,0.6,10,0.04677723400000003,421.5927734375
degenerate_n16_p60_seed2.json,degenerate,16,0.6,2,0.06499963899999998,457.009765625
degenerate_n16_p60_seed3.json,degenerate,16,0.6,3,1.0691307099999998,495.42578125
degenerate_n16_p60_seed4.json,degenerate,16,0.6,4,0.053279534000000024,354.833984375
degenerate_n16_p60_seed5.json,degenerate,16,0.6,5,0.07419119800000003,463.3876953125
degenerate_n16_p60_seed6.json,degenerate,16,0.6,6,0.07031994300000001,424.419921875
degenerate_n16_p60_seed7.json,degenerate,16,0.6,7,0.06561845100000005,349.15234375
degenerate_n16_p60_seed8.json,degenerate,16,0.6,8,0.04480848,340.44921875
degenerate_n16_p60_seed9.json,degenerate,16,0.6,9,0.0816782039999999,478.962890625
degenerate_n19_p100_seed1.json,degenerate,19,1.0,1,0.13173870199999999,595.7470703125
degenerate_n19_p100_seed10.json,degenerate,19,1.0,10,0.128416881,516.6591796875
degenerate_n19_p100_seed2.json,degenerate,19,1.0,2,7.235629191999997,804.3955078125
degenerate_n19_p100_seed3.json,degenerate,19,1.0,3,6.312641874999999,755.94140625
degenerate_n19_p100_seed4.json,degenerate,19,1.0,4,0.134434079,523.671875
degenerate_n19_p100_seed5.json,degenerate,19,1.0,5,0.1376091800000001,538.015625
degenerate_n19_p100_seed6.json,degenerate,19,1.0,6,0.1350111159999999,523.2294921875
degenerate_n19_p100_seed7.json,degenerate,19,1.0,7,4.072858888999999,640.0986328125
degenerate_n19_p100_seed8.json,degenerate,19,1.0,8,0.6091994950000001,538.921875
degenerate_n19_p100_seed9.json,degenerate,19,1.0,9,0.130223815,523.9287109375
degenerate_n19_p30_seed1.json,degenerate,19,0.3,1,2.6940855730000015,621.662109375
degenerate_n19_p30_seed10.json,degenerate,19,0.3,10,0.029992824000000005,316.9228515625
degenerate_n19_p30_seed2.json,degenerate,19,0.3,2,1.1609639200000001,481.2763671875
degenerate_n19_p30_seed3.json,degenerate,19,0.3,3,0.05259769200000002,481.142578125
degenerate_n19_p30_seed4.json,degenerate,19,0.3,4,0.04117546800000003,386.75
degenerate_n19_p30_seed5.json,degenerate,19,0.3,5,0.033258156000000004,344.94140625
degenerate_n19_p30_seed6.json,degenerate,19,0.3,6,0.04593574000000004,426.8193359375
degenerate_n19_p30_seed7.json,degenerate,19,0.3,7,0.039937342999999965,386.654296875
degenerate_n19_p30_seed8.json,degenerate,19,0.3,8,2.3641378699999995,523.8623046875
degenerate_n19_p30_seed9.json,degenerate,19,0.3,9,0.04571142900000002,427.771484375
degenerate_n19_p60_seed1.json,degenerate,19,0.6,1,0.08324945199999995,496.591796875
degenerate_n19_p60_seed10.json,degenerate,19,0.6,10,0.09110128700000007,404.0849609375
degenerate_n19_p60_seed2.json,degenerate,19,0.6,2,0.20682000900000005,482.8076171875
degenerate_n19_p60_seed3.json,degenerate,19,0.6,3,0.10736195899999999,499.8251953125
degenerate_n19_p60_seed4.json,degenerate,19,0.6,4,0.09192871200000002,497.4169921875
degenerate_n19_p60_seed5.json,degenerate,19,0.6,5,1.1754465850000015,610.0087890625
degenerate_n19_p60_seed6.json,degenerate,19,0.6,6,0.059741600000000034,483.865234375
degenerate_n19_p60_seed7.json,degenerate,19,0.6,7,0.09050834400000003,499.0947265625
degenerate_n19_p60_seed8.json,degenerate,19,0.6,8,7.170037444999989,626.095703125
degenerate_n19_p60_seed9.json,degenerate,19,0.6,9,0.0954740690000001,497.6298828125
degenerate_n22_p100_seed1.json,degenerate,22,1.0,1,15.192185620999997,1002.388671875
degenerate_n22_p100_seed10.json,degenerate,22,1.0,10,0.16918672399999993,532.3779296875
degenerate_n22_p100_seed2.json,degenerate,22,1.0,2,0.16729052399999994,517.392578125
degenerate_n22_p100_seed3.json,degenerate,22,1.0,3,0.9211386049999999,577.3232421875
degenerate_n22_p100_seed4.json,degenerate,22,1.0,4,0.18314987700000002,531.9765625
degenerate_n22_p100_seed5.json,degenerate,22,1.0,5,0.176668196,527.4599609375
degenerate_n22_p100_seed6.json,degenerate,22,1.0,6,0.16571389999999994,532.646484375
degenerate_n22_p100_seed7.json,degenerate,22,1.0,7,0.17028201100000004,517.404296875
degenerate_n22_p100_seed8.json,degenerate,22,1.0,8,7.373614093000001,814.9140625
degenerate_n22_p100_seed9.json,degenerate,22,1.0,9,0.18797003100000015,603.21484375
degenerate_n22_p30_seed1.json,degenerate,22,0.3,1,0.03929456800000004,272.7861328125
degenerate_n22_p30_seed10.json,degenerate,22,0.3,10,0.049795793,397.171875
degenerate_n22_p30_seed2.json,degenerate,22,0.3,2,0.04904161,467.111328125
degenerate_n22_p30_seed3.json,degenerate,22,0.3,3,0.26545191999999973,492.2626953125
degenerate_n22_p30_seed4.json,degenerate,22,0.3,4,0.03726582199999999,378.142578125
degenerate_n22_p30_seed5.json,degenerate,22,0.3,5,0.038435752000000024,378.3974609375
degenerate_n22_p30_seed6.json,degenerate,22,0.3,6,4.894047528,623.55078125
degenerate_n22_p30_seed7.json,degenerate,22,0.3,7,2.0701057869999997,521.0
degenerate_n22_p30_seed8.json,degenerate,22,0.3,8,6.9234909449999975,717.17578125
degenerate_n22_p30_seed9.json,degenerate,22,0.3,9,0.027260341000000007,318.47265625
degenerate_n22_p60_seed1.json,degenerate,22,0.6,1,0.11837049300000002,498.5595703125
degenerate_n22_p60_seed10.json,degenerate,22,0.6,10,4.198173982000004,802.708984375
degenerate_n22_p60_seed2.json,degenerate,22,0.6,2,3.2961974500000006,732.064453125
degenerate_n22_p60_seed3.json,degenerate,22,0.6,3,0.15010156600000005,497.341796875
degenerate_n22_p60_seed4.json,degenerate,22,0.6,4,0.10046726599999999,468.5966796875
degenerate_n22_p60_seed5.json,degenerate,22,0.6,5,9.695056615,884.1455078125
degenerate_n22_p60_seed6.json,degenerate,22,0.6,6,14.667978801999993,912.0244140625
degenerate_n22_p60_seed7.json,degenerate,22,0.6,7,1.4248402509999993,630.912109375
degenerate_n22_p60_seed8.json,degenerate,22,0.6,8,0.10608364400000005,495.4599609375
degenerate_n22_p60_seed9.json,degenerate,22,0.6,9,0.09315872900000007,496.7626953125
degenerate_n25_p100_seed1.json,degenerate,25,1.0,1,0.19931759400000004,618.984375
degenerate_n25_p100_seed10.json,degenerate,25,1.0,10,0.20441465400000003,616.091796875
degenerate_n25_p100_seed2.json,degenerate,25,1.0,2,0.19758715700000007,607.8046875
degenerate_n25_p100_seed3.json,degenerate,25,1.0,3,0.21107224699999996,627.3955078125
degenerate_n25_p100_seed4.json,degenerate,25,1.0,4,0.20819303200000022,638.84375
degenerate_n25_p100_seed5.json,degenerate,25,1.0,5,4.991592490999997,798.7607421875
degenerate_n25_p100_seed6.json,degenerate,25,1.0,6,3.142939058999998,700.8486328125
degenerate_n25_p100_seed7.json,degenerate,25,1.0,7,0.20164376100000012,638.412109375
degenerate_n25_p100_seed8.json,degenerate,25,1.0,8,39.22304604699999,1138.3251953125
degenerate_n25_p100_seed9.json,degenerate,25,1.0,9,0.21043389500000012,660.8369140625
degenerate_n25_p30_seed1.json,degenerate,25,0.3,1,0.03407080500000001,377.96875
degenerate_n25_p30_seed10.json,degenerate,25,0.3,10,0.07415247499999993,444.826171875
degenerate_n25_p30_seed2.json,degenerate,25,0.3,2,0.057433490999999975,342.8818359375
degenerate_n25_p30_seed3.json,degenerate,25,0.3,3,0.08420115300000004,375.5185546875
degenerate_n25_p30_seed4.json,degenerate,25,0.3,4,0.06465984200000005,444.0888671875
degenerate_n25_p30_seed5.json,degenerate,25,0.3,5,0.06287291,488.359375
degenerate_n25_p30_seed6.json,degenerate,25,0.3,6,1.0911344980000002,474.1884765625
degenerate_n25_p30_seed7.json,degenerate,25,0.3,7,0.04787435299999997,458.1513671875
degenerate_n25_p30_seed8.json,degenerate,25,0.3,8,7.129947974999993,807.05078125
degenerate_n25_p30_seed9.json,degenerate,25,0.3,9,15.177239569000006,895.6513671875
degenerate_n25_p60_seed1.json,degenerate,25,0.6,1,15.869519596000002,1051.171875
degenerate_n25_p60_seed10.json,degenerate,25,0.6,10,0.6949441899999999,597.349609375
degenerate_n25_p60_seed2.json,degenerate,25,0.6,2,0.17841786199999993,564.2490234375
degenerate_n25_p60_seed3.json,degenerate,25,0.6,3,0.2035783069999999,509.970703125
degenerate_n25_p60_seed4.json,degenerate,25,0.6,4,15.149154600000005,989.1474609375
degenerate_n25_p60_seed5.json,degenerate,25,0.6,5,8.587221132000003,994.888671875
degenerate_n25_p60_seed6.json,degenerate,25,0.6,6,0.11449631100000013,498.07421875
degenerate_n25_p60_seed7.json,degenerate,25,0.6,7,0.14201033900000004,513.4560546875
degenerate_n25_p60_seed8.json,degenerate,25,0.6,8,11.058350189,954.171875
degenerate_n25_p60_seed9.json,degenerate,25,0.6,9,0.15305550799999984,506.7490234375
degenerate_n28_p100_seed1.json,degenerate,28,1.0,1,0.27712822100000006,587.8671875
degenerate_n28_p100_seed10.json,degenerate,28,1.0,10,14.020059502,1121.3896484375
degenerate_n28_p100_seed2.json,degenerate,28,1.0,2,0.25523010500000004,628.517578125
degenerate_n28_p100_seed3.json,degenerate,28,1.0,3,0.26103882100000003,587.4541015625
degenerate_n28_p100_seed4.json,degenerate,28,1.0,4,7.498298313000001,874.5849609375
degenerate_n28_p100_seed5.json,degenerate,28,1.0,5,1.1265917910000003,749.7412109375
degenerate_n28_p100_seed6.json,degenerate,28,1.0,6,1.4435769270000003,710.1474609375
degenerate_n28_p100_seed7.json,degenerate,28,1.0,7,59.68124800400001,1275.974609375
degenerate_n28_p100_seed8.json,degenerate,28,1.0,8,3.857764444,786.486328125
degenerate_n28_p100_seed9.json,degenerate,28,1.0,9,0.253372368,592.7626953125
degenerate_n28_p30_seed1.json,degenerate,28,0.3,1,26.020531532000035,1153.404296875
degenerate_n28_p30_seed10.json,degenerate,28,0.3,10,1.7123008749999995,518.1455078125
degenerate_n28_p30_seed2.json,degenerate,28,0.3,2,0.567112787,524.5107421875
degenerate_n28_p30_seed3.json,degenerate,28,0.3,3,9.205696061000003,983.904296875
degenerate_n28_p30_seed4.json,degenerate,28,0.3,4,0.6228743909999996,479.6162109375
degenerate_n28_p30_seed5.json,degenerate,28,0.3,5,0.074381634,394.720703125
degenerate_n28_p30_seed6.json,degenerate,28,0.3,6,0.05948698899999997,308.7939453125
degenerate_n28_p30_seed7.json,degenerate,28,0.3,7,0.07016574799999999,444.0693359375
degenerate_n28_p30_seed8.json,degenerate,28,0.3,8,0.06835998899999995,338.5078125
degenerate_n28_p30_seed9.json,degenerate,28,0.3,9,2.1692933219999992,660.7373046875
degenerate_n28_p60_seed1.json,degenerate,28,0.6,1,0.14217114600000008,540.2177734375
degenerate_n28_p60_seed10.json,degenerate,28,0.6,10,2.620254315999999,652.7138671875
degenerate_n28_p60_seed2.json,degenerate,28,0.6,2,0.09886160300000005,494.8916015625
degenerate_n28_p60_seed3.json,degenerate,28,0.6,3,0.14906006100000008,513.306640625
degenerate_n28_p60_seed4.json,degenerate,28,0.6,4,0.17917340200000006,504.8115234375
degenerate_n28_p60_seed5.json,degenerate,28,0.6,5,0.18106802800000005,524.939453125
degenerate_n28_p60_seed6.json,degenerate,28,0.6,6,0.1276628269999999,525.5029296875
degenerate_n28_p60_seed7.json,degenerate,28,0.6,7,35.74259940599998,1266.90625
degenerate_n28_p60_seed8.json,degenerate,28,0.6,8,26.595326515000014,1183.990234375
degenerate_n28_p60_seed9.json,degenerate,28,0.6,9,0.1662270060000001,508.4140625
degenerate_n31_p100_seed1.json,degenerate,31,1.0,1,39.529843533999994,1302.4443359375
degenerate_n31_p100_seed10.json,degenerate,31,1.0,10,82.10704618899997,1546.1494140625
degenerate_n31_p100_seed2.json,degenerate,31,1.0,2,56.608719781999966,1425.7529296875
degenerate_n31_p100_seed3.json,degenerate,31,1.0,3,114.88836534000001,1579.4560546875
degenerate_n31_p100_seed4.json,degenerate,31,1.0,4,31.864317887999984,1386.2060546875
degenerate_n31_p100_seed5.json,degenerate,31,1.0,5,4.245200976000005,837.7666015625
degenerate_n31_p100_seed6.json,degenerate,31,1.0,6,16.862336114999994,1246.1103515625
degenerate_n31_p100_seed7.json,degenerate,31,1.0,7,0.30995970900000014,671.525390625
degenerate_n31_p100_seed8.json,degenerate,31,1.0,8,0.27953550799999993,625.9755859375
degenerate_n31_p100_seed9.json,degenerate,31,1.0,9,65.52927562899998,1618.271484375
degenerate_n31_p30_seed1.json,degenerate,31,0.3,1,0.07442993400000003,394.314453125
degenerate_n31_p30_seed10.json,degenerate,31,0.3,10,32.702814872000005,1412.919921875
degenerate_n31_p30_seed2.json,degenerate,31,0.3,2,21.246634367999988,1158.9345703125
degenerate_n31_p30_seed3.json,degenerate,31,0.3,3,0.09531004500000005,444.650390625
degenerate_n31_p30_seed4.json,degenerate,31,0.3,4,0.100513615,467.1259765625
degenerate_n31_p30_seed5.json,degenerate,31,0.3,5,16.519582248000006,1180.974609375
degenerate_n31_p30_seed6.json,degenerate,31,0.3,6,0.05924082000000001,437.322265625
degenerate_n31_p30_seed7.json,degenerate,31,0.3,7,0.10911657,498.681640625
degenerate_n31_p30_seed8.json,degenerate,31,0.3,8,2.669654767000001,600.4501953125
degenerate_n31_p30_seed9.json,degenerate,31,0.3,9,27.697632796999994,1242.9677734375
degenerate_n31_p60_seed1.json,degenerate,31,0.6,1,1.181868671,620.1474609375
degenerate_n31_p60_seed10.json,degenerate,31,0.6,10,55.91734977099999,1427.033203125
degenerate_n31_p60_seed2.json,degenerate,31,0.6,2,58.74059476099994,1427.1005859375
degenerate_n31_p60_seed3.json,degenerate,31,0.6,3,10.071129623000004,967.3408203125
degenerate_n31_p60_seed4.json,degenerate,31,0.6,4,0.13681848900000004,503.994140625
degenerate_n31_p60_seed5.json,degenerate,31,0.6,5,47.85190536800002,1378.173828125
degenerate_n31_p60_seed6.json,degenerate,31,0.6,6,0.9729226570000004,674.9365234375
degenerate_n31_p60_seed7.json,degenerate,31,0.6,7,0.20526375499999994,624.0224609375
degenerate_n31_p60_seed8.json,degenerate,31,0.6,8,57.903958375,1396.69921875
degenerate_n31_p60_seed9.json,degenerate,31,0.6,9,22.268450794999993,1132.7060546875
degenerate_n34_p100_seed1.json,degenerate,34,1.0,1,64.069316967,1634.4365234375
degenerate_n34_p100_seed10.json,degenerate,34,1.0,10,139.06154929300007,1770.5126953125
degenerate_n34_p100_seed2.json,degenerate,34,1.0,2,5.298787666999998,933.744140625
degenerate_n34_p100_seed3.json,degenerate,34,1.0,3,163.35950745899996,2118.5478515625
degenerate_n34_p100_seed4.json,degenerate,34,1.0,4,0.3893359680000003,618.453125
degenerate_n34_p100_seed5.json,degenerate,34,1.0,5,97.79084173899996,2060.11328125
degenerate_n34_p100_seed6.json,degenerate,34,1.0,6,0.34648834100000014,663.923828125
degenerate_n34_p100_seed7.json,degenerate,34,1.0,7,66.444194435,1692.3994140625
degenerate_n34_p100_seed8.json,degenerate,34,1.0,8,0.390864384,663.6025390625
degenerate_n34_p100_seed9.json,degenerate,34,1.0,9,0.4298263349999998,735.5361328125
degenerate_n34_p30_seed1.json,degenerate,34,0.3,1,0.06165030499999998,427.787109375
degenerate_n34_p30_seed10.json,degenerate,34,0.3,10,0.10251437599999993,498.412109375
degenerate_n34_p30_seed2.json,degenerate,34,0.3,2,18.193735286,1200.6962890625
degenerate_n34_p30_seed3.json,degenerate,34,0.3,3,0.058090647,388.529296875
degenerate_n34_p30_seed4.json,degenerate,34,0.3,4,48.520333944,1726.724609375
degenerate_n34_p30_seed5.json,degenerate,34,0.3,5,15.645026308000011,1143.4677734375
degenerate_n34_p30_seed6.json,degenerate,34,0.3,6,1.4517417870000007,619.7373046875
degenerate_n34_p30_seed7.json,degenerate,34,0.3,7,0.050316809,381.5625
degenerate_n34_p30_seed8.json,degenerate,34,0.3,8,0.08933312400000003,398.609375
degenerate_n34_p30_seed9.json,degenerate,34,0.3,9,17.620746472000004,1239.9501953125
degenerate_n34_p60_seed1.json,degenerate,34,0.6,1,0.23625285799999998,604.1513671875
degenerate_n34_p60_seed10.json,degenerate,34,0.6,10,0.19342052100000004,542.1640625
degenerate_n34_p60_seed2.json,degenerate,34,0.6,2,0.2750492160000001,615.3603515625
degenerate_n34_p60_seed3.json,degenerate,34,0.6,3,0.25726636300000016,602.1328125
degenerate_n34_p60_seed4.json,degenerate,34,0.6,4,18.268174626000008,1125.50390625
degenerate_n34_p60_seed5.json,degenerate,34,0.6,5,16.50376054099998,1179.2421875
degenerate_n34_p60_seed6.json,degenerate,34,0.6,6,0.17636735199999998,516.65234375
degenerate_n34_p60_seed7.json,degenerate,34,0.6,7,0.1534602950000001,588.1162109375
degenerate_n34_p60_seed8.json,degenerate,34,0.6,8,0.2010979740000001,529.2998046875
degenerate_n34_p60_seed9.json,degenerate,34,0.6,9,0.18132584099999993,572.845703125
degenerate_n37_p100_seed1.json,degenerate,37,1.0,1,46.874885198000015,1568.046875
degenerate_n37_p100_seed10.json,degenerate,37,1.0,10,9.168430769999995,1067.8203125
degenerate_n37_p100_seed2.json,degenerate,37,1.0,2,59.128003598,1806.0439453125
degenerate_n37_p100_seed3.json,degenerate,37,1.0,3,483.29312203600034,2660.89453125
degenerate_n37_p100_seed4.json,degenerate,37,1.0,4,1.3377689410000002,653.9375
degenerate_n37_p100_seed5.json,degenerate,37,1.0,5,1.4039192530000002,614.9248046875
degenerate_n37_p100_seed6.json,degenerate,37,1.0,6,95.40811033400001,1260.9755859375
degenerate_n37_p100_seed7.json,degenerate,37,1.0,7,1.2227896859999985,670.1884765625
degenerate_n37_p100_seed8.json,degenerate,37,1.0,8,15.458123205000009,937.3076171875
degenerate_n37_p100_seed9.json,degenerate,37,1.0,9,282.129657678,2266.2158203125
degenerate_n37_p30_seed1.json,degenerate,37,0.3,1,0.23728321499999996,592.8798828125
degenerate_n37_p30_seed10.json,degenerate,37,0.3,10,0.24921543499999999,507.7529296875
degenerate_n37_p30_seed2.json,degenerate,37,0.3,2,0.308092356,445.7900390625
degenerate_n37_p30_seed3.json,degenerate,37,0.3,3,142.79427834699982,1958.2841796875
degenerate_n37_p30_seed4.json,degenerate,37,0.3,4,0.2770655110000001,446.6171875
degenerate_n37_p30_seed5.json,degenerate,37,0.3,5,132.7832126400001,1855.4267578125
degenerate_n37_p30_seed6.json,degenerate,37,0.3,6,0.2953143620000001,522.005859375
degenerate_n37_p30_seed7.json,degenerate,37,0.3,7,0.24954732700000012,514.134765625
degenerate_n37_p30_seed8.json,degenerate,37,0.3,8,0.2985053870000001,468.3994140625
degenerate_n37_p30_seed9.json,degenerate,37,0.3,9,0.6614872849999999,594.86328125
degenerate_n37_p60_seed1.json,degenerate,37,0.6,1,0.5393455619999995,508.802734375
degenerate_n37_p60_seed10.json,degenerate,37,0.6,10,182.00799157099996,2253.5634765625
degenerate_n37_p60_seed2.json,degenerate,37,0.6,2,0.5046508160000002,564.6416015625
degenerate_n37_p60_seed3.json,degenerate,37,0.6,3,0.3893901630000003,565.20703125
degenerate_n37_p60_seed4.json,degenerate,37,0.6,4,26.16752768199998,1056.193359375
degenerate_n37_p60_seed5.json,degenerate,37,0.6,5,442.7798117299999,2352.708984375
degenerate_n37_p60_seed6.json,degenerate,37,0.6,6,1.0498611480000004,598.162109375
degenerate_n37_p60_seed7.json,degenerate,37,0.6,7,1.0646175000000004,620.0087890625
degenerate_n37_p60_seed8.json,degenerate,37,0.6,8,1.1770975349999995,619.2763671875
degenerate_n37_p60_seed9.json,degenerate,37,0.6,9,259.539868725,2530.04296875
degenerate_n40_p100_seed1.json,degenerate,40,1.0,1,18.944965738000008,1246.6962890625
degenerate_n40_p100_seed10.json,degenerate,40,1.0,10,0.49104596099999986,628.30078125
degenerate_n40_p100_seed2.json,degenerate,40,1.0,2,2.5041890810000007,846.1884765625
degenerate_n40_p100_seed3.json,degenerate,40,1.0,3,313.15210309699995,3421.21484375
degenerate_n40_p100_seed4.json,degenerate,40,1.0,4,173.28970588400009,3245.2041015625
degenerate_n40_p100_seed5.json,degenerate,40,1.0,5,2.8098682799999986,916.37109375
degenerate_n40_p100_seed6.json,degenerate,40,1.0,6,7.841095005000006,1029.439453125
degenerate_n40_p100_seed7.json,degenerate,40,1.0,7,207.58872803400004,3173.7607421875
degenerate_n40_p100_seed8.json,degenerate,40,1.0,8,89.74883486799995,2046.119140625
degenerate_n40_p100_seed9.json,degenerate,40,1.0,9,0.5759685240000001,654.5185546875
degenerate_n40_p30_seed1.json,degenerate,40,0.3,1,2.343402585,680.79296875
degenerate_n40_p30_seed10.json,degenerate,40,0.3,10,5.529266686000001,852.6943359375
degenerate_n40_p30_seed2.json,degenerate,40,0.3,2,0.1627735570000001,518.46875
degenerate_n40_p30_seed3.json,degenerate,40,0.3,3,80.64110905499994,2493.8017578125
degenerate_n40_p30_seed4.json,degenerate,40,0.3,4,0.13401087100000006,520.146484375
degenerate_n40_p30_seed5.json,degenerate,40,0.3,5,0.221838577,566.5986328125
degenerate_n40_p30_seed6.json,degenerate,40,0.3,6,0.11272855999999999,511.0390625
degenerate_n40_p30_seed7.json,degenerate,40,0.3,7,58.10906833600003,2064.390625
degenerate_n40_p30_seed8.json,degenerate,40,0.3,8,23.388236021000008,1460.4638671875
degenerate_n40_p30_seed9.json,degenerate,40,0.3,9,0.14848951900000001,524.2265625
degenerate_n40_p60_seed1.json,degenerate,40,0.6,1,33.23844812200002,1495.3720703125
degenerate_n40_p60_seed10.json,degenerate,40,0.6,10,23.320774825000004,1466.9541015625
degenerate_n40_p60_seed2.json,degenerate,40,0.6,2,168.56758632000003,2927.29296875
degenerate_n40_p60_seed3.json,degenerate,40,0.6,3,129.25531773300008,2795.3447265625
degenerate_n40_p60_seed4.json,degenerate,40,0.6,4,0.184529918,574.880859375
degenerate_n40_p60_seed5.json,degenerate,40,0.6,5,202.63852246599993,2412.65625
degenerate_n40_p60_seed6.json,degenerate,40,0.6,6,69.33948823700001,1543.0107421875
degenerate_n40_p60_seed7.json,degenerate,40,0.6,7,305.70539093500014,2063.50390625
degenerate_n40_p60_seed8.json,degenerate,40,0.6,8,1.6918470199999995,816.71484375
degenerate_n40_p60_seed9.json,degenerate,40,0.6,9,12.786659886999999,1044.607421875
degenerate_n4_p100_seed1.json,degenerate,4,1.0,1,0.019227302000000016,171.0107421875
degenerate_n4_p100_seed10.json,degenerate,4,1.0,10,0.016876875999999992,171.8134765625
degenerate_n4_p100_seed2.json,degenerate,4,1.0,2,0.01702272500000001,171.03125
degenerate_n4_p100_seed3.json,degenerate,4,1.0,3,0.019511380000000005,170.9140625
degenerate_n4_p100_seed4.json,degenerate,4,1.0,4,0.02010973000000002,170.990234375
degenerate_n4_p100_seed5.json,degenerate,4,1.0,5,0.01957077299999999,170.439453125
degenerate_n4_p100_seed6.json,degenerate,4,1.0,6,0.017004075999999993,171.0390625
degenerate_n4_p100_seed7.json,degenerate,4,1.0,7,0.031942182,210.759765625
degenerate_n4_p100_seed8.json,degenerate,4,1.0,8,0.018526218999999997,170.705078125
degenerate_n4_p100_seed9.json,degenerate,4,1.0,9,0.03347951599999998,210.423828125
degenerate_n4_p30_seed1.json,degenerate,4,0.3,1,0.016630957,152.15625
degenerate_n4_p30_seed10.json,degenerate,4,0.3,10,0.018185481000000007,151.8515625
degenerate_n4_p30_seed2.json,degenerate,4,0.3,2,0.024018515000000015,152.490234375
degenerate_n4_p30_seed3.json,degenerate,4,0.3,3,0.02104197800000001,152.55859375
degenerate_n4_p30_seed4.json,degenerate,4,0.3,4,0.018072720000000014,152.1064453125
degenerate_n4_p30_seed5.json,degenerate,4,0.3,5,0.01654543200000001,152.04296875
degenerate_n4_p30_seed6.json,degenerate,4,0.3,6,0.015876805999999997,151.517578125
degenerate_n4_p30_seed7.json,degenerate,4,0.3,7,0.018471024000000003,151.85546875
degenerate_n4_p30_seed8.json,degenerate,4,0.3,8,0.018665582999999996,170.919921875
degenerate_n4_p30_seed9.json,degenerate,4,0.3,9,0.014278996999999998,152.353515625
degenerate_n4_p60_seed1.json,degenerate,4,0.6,1,0.016067656000000003,170.9296875
degenerate_n4_p60_seed10.json,degenerate,4,0.6,10,0.01688354299999999,171.0009765625
degenerate_n4_p60_seed2.json,degenerate,4,0.6,2,0.015754935999999997,151.1630859375
degenerate_n4_p60_seed3.json,degenerate,4,0.6,3,0.017126481000000002,171.1015625
degenerate_n4_p60_seed4.json,degenerate,4,0.6,4,0.019823570000000016,170.314453125
degenerate_n4_p60_seed5.json,degenerate,4,0.6,5,0.015599532999999994,151.78125
degenerate_n4_p60_seed6.json,degenerate,4,0.6,6,0.015628095000000005,151.314453125
degenerate_n4_p60_seed7.json,degenerate,4,0.6,7,0.01417957500000001,151.8359375
degenerate_n4_p60_seed8.json,degenerate,4,0.6,8,0.01607331399999999,170.9443359375
degenerate_n4_p60_seed9.json,degenerate,4,0.6,9,0.014753726000000002,151.828125
degenerate_n7_p100_seed1.json,degenerate,7,1.0,1,0.032681224000000016,277.2744140625
degenerate_n7_p100_seed10.json,degenerate,7,1.0,10,0.197998895,414.5791015625
degenerate_n7_p100_seed2.json,degenerate,7,1.0,2,0.032749712999999965,277.4287109375
degenerate_n7_p100_seed3.json,degenerate,7,1.0,3,0.11597977800000002,426.0400390625
degenerate_n7_p100_seed4.json,degenerate,7,1.0,4,0.10897862400000007,425.1513671875
degenerate_n7_p100_seed5.json,degenerate,7,1.0,5,0.03257533700000001,277.546875
degenerate_n7_p100_seed6.json,degenerate,7,1.0,6,0.13174230700000014,426.18359375
degenerate_n7_p100_seed7.json,degenerate,7,1.0,7,0.045183623000000006,277.60546875
degenerate_n7_p100_seed8.json,degenerate,7,1.0,8,0.035856397,276.6572265625
degenerate_n7_p100_seed9.json,degenerate,7,1.0,9,0.032780226,275.0478515625
degenerate_n7_p30_seed1.json,degenerate,7,0.3,1,0.014156928,178.341796875
degenerate_n7_p30_seed10.json,degenerate,7,0.3,10,0.018178730999999993,200.1650390625
degenerate_n7_p30_seed2.json,degenerate,7,0.3,2,0.01660873299999999,179.33203125
degenerate_n7_p30_seed3.json,degenerate,7,0.3,3,0.015024120000000007,179.287109375
degenerate_n7_p30_seed4.json,degenerate,7,0.3,4,0.014217037000000004,179.333984375
degenerate_n7_p30_seed5.json,degenerate,7,0.3,5,0.017397856000000003,199.8984375
degenerate_n7_p30_seed6.json,degenerate,7,0.3,6,0.014188554999999999,178.9873046875
degenerate_n7_p30_seed7.json,degenerate,7,0.3,7,0.01518087100000001,179.1796875
degenerate_n7_p30_seed8.json,degenerate,7,0.3,8,0.014789988999999996,179.3603515625
degenerate_n7_p30_seed9.json,degenerate,7,0.3,9,0.016458552000000005,199.6474609375
degenerate_n7_p60_seed1.json,degenerate,7,0.6,1,0.021007188000000006,221.35546875
degenerate_n7_p60_seed10.json,degenerate,7,0.6,10,0.07235148100000005,266.84765625
degenerate_n7_p60_seed2.json,degenerate,7,0.6,2,0.017468268000000006,199.498046875
degenerate_n7_p60_seed3.json,degenerate,7,0.6,3,0.065230272,356.33984375
degenerate_n7_p60_seed4.json,degenerate,7,0.6,4,0.013573228999999997,178.99609375
degenerate_n7_p60_seed5.json,degenerate,7,0.6,5,0.116381326,299.2177734375
degenerate_n7_p60_seed6.json,degenerate,7,0.6,6,0.021414425000000008,220.923828125
degenerate_n7_p60_seed7.json,degenerate,7,0.6,7,0.08536245500000002,261.8115234375
degenerate_n7_p60_seed8.json,degenerate,7,0.6,8,0.08360689800000001,399.3818359375
degenerate_n7_p60_seed9.json,degenerate,7,0.6,9,0.05044823100000002,306.69140625
non_degenerate_n10_p100_seed1.json,non_degenerate,10,1.0,1,0.1996172470000001,429.7861328125
non_degenerate_n10_p100_seed10.json,non_degenerate,10,1.0,10,0.059129564,396.1064453125
non_degenerate_n10_p100_seed2.json,non_degenerate,10,1.0,2,0.06205815399999999,396.162109375
non_degenerate_n10_p100_seed3.json,non_degenerate,10,1.0,3,0.5239238589999999,457.2646484375
non_degenerate_n10_p100_seed4.json,non_degenerate,10,1.0,4,0.5777575799999998,456.609375
non_degenerate_n10_p100_seed5.json,non_degenerate,10,1.0,5,0.670802314,429.498046875
non_degenerate_n10_p100_seed6.json,non_degenerate,10,1.0,6,0.19951377700000003,429.888671875
non_degenerate_n10_p100_seed7.json,non_degenerate,10,1.0,7,0.6687415609999997,456.267578125
non_degenerate_n10_p100_seed8.json,non_degenerate,10,1.0,8,0.5960552770000004,458.3515625
non_degenerate_n10_p100_seed9.json,non_degenerate,10,1.0,9,0.20064784300000008,429.8330078125
non_degenerate_n10_p30_seed1.json,non_degenerate,10,0.3,1,0.09652689200000009,359.1943359375
non_degenerate_n10_p30_seed10.json,non_degenerate,10,0.3,10,0.025515315000000007,231.55078125
non_degenerate_n10_p30_seed2.json,non_degenerate,10,0.3,2,0.021769959999999998,209.70703125
non_degenerate_n10_p30_seed3.json,non_degenerate,10,0.3,3,0.12782323200000004,414.5703125
non_degenerate_n10_p30_seed4.json,non_degenerate,10,0.3,4,0.078615091,327.259765625
non_degenerate_n10_p30_seed5.json,non_degenerate,10,0.3,5,0.16023348199999987,393.7138671875
non_degenerate_n10_p30_seed6.json,non_degenerate,10,0.3,6,0.04115387500000001,276.666015625
non_degenerate_n10_p30_seed7.json,non_degenerate,10,0.3,7,0.20000683600000008,387.3857421875
non_degenerate_n10_p30_seed8.json,non_degenerate,10,0.3,8,0.11520568899999997,392.9541015625
non_degenerate_n10_p30_seed9.json,non_degenerate,10,0.3,9,0.048852823999999975,318.8818359375
non_degenerate_n10_p60_seed1.json,non_degenerate,10,0.6,1,0.2161483529999999,409.3466796875
non_degenerate_n10_p60_seed10.json,non_degenerate,10,0.6,10,0.034602060999999996,280.404296875
non_degenerate_n10_p60_seed2.json,non_degenerate,10,0.6,2,0.029447633999999993,252.9541015625
non_degenerate_n10_p60_seed3.json,non_degenerate,10,0.6,3,0.43213262799999996,439.783203125
non_degenerate_n10_p60_seed4.json,non_degenerate,10,0.6,4,0.30387919500000027,405.943359375
non_degenerate_n10_p60_seed5.json,non_degenerate,10,0.6,5,0.2535422150000002,395.3037109375
non_degenerate_n10_p60_seed6.json,non_degenerate,10,0.6,6,0.10626855499999988,451.7509765625
non_degenerate_n10_p60_seed7.json,non_degenerate,10,0.6,7,0.40293632,448.056640625
non_degenerate_n10_p60_seed8.json,non_degenerate,10,0.6,8,0.4834743979999998,479.2109375
non_degenerate_n10_p60_seed9.json,non_degenerate,10,0.6,9,0.126531169,488.9287109375
non_degenerate_n13_p100_seed1.json,non_degenerate,13,1.0,1,1.1772930410000002,577.970703125
non_degenerate_n13_p100_seed10.json,non_degenerate,13,1.0,10,0.6819636250000002,528.4697265625
non_degenerate_n13_p100_seed2.json,non_degenerate,13,1.0,2,0.09471502899999995,439.919921875
non_degenerate_n13_p100_seed3.json,non_degenerate,13,1.0,3,0.9996489389999998,554.5283203125
non_degenerate_n13_p100_seed4.json,non_degenerate,13,1.0,4,0.08770507599999997,417.48828125
non_degenerate_n13_p100_seed5.json,non_degenerate,13,1.0,5,0.6430474020000001,529.078125
non_degenerate_n13_p100_seed6.json,non_degenerate,13,1.0,6,0.685848375,509.2158203125
non_degenerate_n13_p100_seed7.json,non_degenerate,13,1.0,7,2.1153939650000018,564.154296875
non_degenerate_n13_p100_seed8.json,non_degenerate,13,1.0,8,0.09113345499999999,497.6591796875
non_degenerate_n13_p100_seed9.json,non_degenerate,13,1.0,9,1.5819254260000004,537.6708984375
non_degenerate_n13_p30_seed1.json,non_degenerate,13,0.3,1,0.0825682,399.19140625
non_degenerate_n13_p30_seed10.json,non_degenerate,13,0.3,10,0.31571503500000014,420.35546875
non_degenerate_n13_p30_seed2.json,non_degenerate,13,0.3,2,0.02346287099999999,236.009765625
non_degenerate_n13_p30_seed3.json,non_degenerate,13,0.3,3,0.28509780299999987,393.75
non_degenerate_n13_p30_seed4.json,non_degenerate,13,0.3,4,0.2004644570000001,382.4228515625
non_degenerate_n13_p30_seed5.json,non_degenerate,13,0.3,5,0.3707229010000001,442.5498046875
non_degenerate_n13_p30_seed6.json,non_degenerate,13,0.3,6,0.22820198499999997,388.9560546875
non_degenerate_n13_p30_seed7.json,non_degenerate,13,0.3,7,0.6174022880000003,410.205078125
non_degenerate_n13_p30_seed8.json,non_degenerate,13,0.3,8,0.2765874620000001,467.4072265625
non_degenerate_n13_p30_seed9.json,non_degenerate,13,0.3,9,0.5967381590000003,426.853515625
non_degenerate_n13_p60_seed1.json,non_degenerate,13,0.6,1,0.3302210730000003,450.974609375
non_degenerate_n13_p60_seed10.json,non_degenerate,13,0.6,10,0.4900559140000002,464.0224609375
non_degenerate_n13_p60_seed2.json,non_degenerate,13,0.6,2,0.040147204999999984,314.814453125
non_degenerate_n13_p60_seed3.json,non_degenerate,13,0.6,3,0.8715369780000001,497.3154296875
non_degenerate_n13_p60_seed4.json,non_degenerate,13,0.6,4,0.8858335549999994,502.162109375
non_degenerate_n13_p60_seed5.json,non_degenerate,13,0.6,5,0.4455039070000002,456.7216796875
non_degenerate_n13_p60_seed6.json,non_degenerate,13,0.6,6,0.342797692,460.1904296875
non_degenerate_n13_p60_seed7.json,non_degenerate,13,0.6,7,1.8592332100000004,524.580078125
non_degenerate_n13_p60_seed8.json,non_degenerate,13,0.6,8,0.8074581359999997,485.4453125
non_degenerate_n13_p60_seed9.json,non_degenerate,13,0.6,9,0.2015463870000001,445.056640625
non_degenerate_n16_p100_seed1.json,non_degenerate,16,1.0,1,0.9762457060000003,536.126953125
non_degenerate_n16_p100_seed10.json,non_degenerate,16,1.0,10,3.7475206409999995,657.0556640625
non_degenerate_n16_p100_seed2.json,non_degenerate,16,1.0,2,0.5107797030000001,536.4541015625
non_degenerate_n16_p100_seed3.json,non_degenerate,16,1.0,3,1.9919944709999988,682.791015625
non_degenerate_n16_p100_seed4.json,non_degenerate,16,1.0,4,2.1221172349999993,573.5478515625
non_degenerate_n16_p100_seed5.json,non_degenerate,16,1.0,5,4.479834634999998,656.76171875
non_degenerate_n16_p100_seed6.json,non_degenerate,16,1.0,6,1.082222427,559.529296875
non_degenerate_n16_p100_seed7.json,non_degenerate,16,1.0,7,4.655998162999997,680.6826171875
non_degenerate_n16_p100_seed8.json,non_degenerate,16,1.0,8,2.0063409890000004,588.009765625
non_degenerate_n16_p100_seed9.json,non_degenerate,16,1.0,9,5.069840291999999,603.017578125
non_degenerate_n16_p30_seed1.json,non_degenerate,16,0.3,1,0.2132226679999999,397.2626953125
non_degenerate_n16_p30_seed10.json,non_degenerate,16,0.3,10,1.610686520999999,485.4560546875
non_degenerate_n16_p30_seed2.json,non_degenerate,16,0.3,2,0.11218312800000003,410.4248046875
non_degenerate_n16_p30_seed3.json,non_degenerate,16,0.3,3,0.4681961070000001,446.5166015625
non_degenerate_n16_p30_seed4.json,non_degenerate,16,0.3,4,0.4636369660000001,433.0517578125
non_degenerate_n16_p30_seed5.json,non_degenerate,16,0.3,5,1.371772906,542.5439453125
non_degenerate_n16_p30_seed6.json,non_degenerate,16,0.3,6,0.4012070369999999,454.4541015625
non_degenerate_n16_p30_seed7.json,non_degenerate,16,0.3,7,0.7892292450000005,454.7041015625
non_degenerate_n16_p30_seed8.json,non_degenerate,16,0.3,8,0.4566793160000001,470.5908203125
non_degenerate_n16_p30_seed9.json,non_degenerate,16,0.3,9,1.6309145220000008,485.2353515625
non_degenerate_n16_p60_seed1.json,non_degenerate,16,0.6,1,0.5603941060000003,541.2265625
non_degenerate_n16_p60_seed10.json,non_degenerate,16,0.6,10,2.6745272380000005,587.9873046875
non_degenerate_n16_p60_seed2.json,non_degenerate,16,0.6,2,0.25673771600000006,512.6279296875
non_degenerate_n16_p60_seed3.json,non_degenerate,16,0.6,3,0.31366119700000006,478.1904296875
non_degenerate_n16_p60_seed4.json,non_degenerate,16,0.6,4,1.4789351109999993,584.9794921875
non_degenerate_n16_p60_seed5.json,non_degenerate,16,0.6,5,0.13648457599999989,491.7568359375
non_degenerate_n16_p60_seed6.json,non_degenerate,16,0.6,6,0.621251992000001,485.6669921875
non_degenerate_n16_p60_seed7.json,non_degenerate,16,0.6,7,3.290109251999996,569.4306640625
non_degenerate_n16_p60_seed8.json,non_degenerate,16,0.6,8,1.3662541680000007,595.34375
non_degenerate_n16_p60_seed9.json,non_degenerate,16,0.6,9,3.119360720000003,515.4560546875
non_degenerate_n19_p100_seed1.json,non_degenerate,19,1.0,1,4.2466010999999995,795.443359375
non_degenerate_n19_p100_seed10.json,non_degenerate,19,1.0,10,0.7023308119999997,540.06640625
non_degenerate_n19_p100_seed2.json,non_degenerate,19,1.0,2,0.7092241150000004,539.3935546875
non_degenerate_n19_p100_seed3.json,non_degenerate,19,1.0,3,10.499216260999995,882.787109375
non_degenerate_n19_p100_seed4.json,non_degenerate,19,1.0,4,9.57756746800001,768.1279296875
non_degenerate_n19_p100_seed5.json,non_degenerate,19,1.0,5,10.118071443999996,760.6142578125
non_degenerate_n19_p100_seed6.json,non_degenerate,19,1.0,6,1.7936915609999995,630.93359375
non_degenerate_n19_p100_seed7.json,non_degenerate,19,1.0,7,10.870649126000002,715.26171875
non_degenerate_n19_p100_seed8.json,non_degenerate,19,1.0,8,10.192304839999995,765.7314453125
non_degenerate_n19_p100_seed9.json,non_degenerate,19,1.0,9,0.1974967120000002,520.7578125
non_degenerate_n19_p30_seed1.json,non_degenerate,19,0.3,1,0.8016318100000002,415.3876953125
non_degenerate_n19_p30_seed10.json,non_degenerate,19,0.3,10,0.2496776170000001,433.623046875
non_degenerate_n19_p30_seed2.json,non_degenerate,19,0.3,2,0.11823514000000002,425.3447265625
non_degenerate_n19_p30_seed3.json,non_degenerate,19,0.3,3,3.394966294000002,530.9130859375
non_degenerate_n19_p30_seed4.json,non_degenerate,19,0.3,4,4.367495391000001,585.55859375
non_degenerate_n19_p30_seed5.json,non_degenerate,19,0.3,5,4.499113333000004,511.77734375
non_degenerate_n19_p30_seed6.json,non_degenerate,19,0.3,6,0.9002419579999995,476.9052734375
non_degenerate_n19_p30_seed7.json,non_degenerate,19,0.3,7,3.0249514719999997,473.0625
non_degenerate_n19_p30_seed8.json,non_degenerate,19,0.3,8,4.722123752000008,590.328125
non_degenerate_n19_p30_seed9.json,non_degenerate,19,0.3,9,1.3976108100000006,540.6572265625
non_degenerate_n19_p60_seed1.json,non_degenerate,19,0.6,1,3.5580559160000007,611.6640625
non_degenerate_n19_p60_seed10.json,non_degenerate,19,0.6,10,0.5129611210000001,540.7900390625
non_degenerate_n19_p60_seed2.json,non_degenerate,19,0.6,2,0.4651476439999999,491.8916015625
non_degenerate_n19_p60_seed3.json,non_degenerate,19,0.6,3,6.8940906220000056,630.310546875
non_degenerate_n19_p60_seed4.json,non_degenerate,19,0.6,4,9.646079187999987,630.150390625
non_degenerate_n19_p60_seed5.json,non_degenerate,19,0.6,5,9.540491574000018,592.998046875
non_degenerate_n19_p60_seed6.json,non_degenerate,19,0.6,6,1.2871092729999998,511.3466796875
non_degenerate_n19_p60_seed7.json,non_degenerate,19,0.6,7,7.118910981999993,732.908203125
non_degenerate_n19_p60_seed8.json,non_degenerate,19,0.6,8,8.721571657999997,826.2421875
non_degenerate_n19_p60_seed9.json,non_degenerate,19,0.6,9,1.8824052960000002,613.9111328125
non_degenerate_n22_p100_seed1.json,non_degenerate,22,1.0,1,5.803077301000003,708.189453125
non_degenerate_n22_p100_seed10.json,non_degenerate,22,1.0,10,2.282281176999999,596.5185546875
non_degenerate_n22_p100_seed2.json,non_degenerate,22,1.0,2,1.026813914999999,584.265625
non_degenerate_n22_p100_seed3.json,non_degenerate,22,1.0,3,15.857124179999992,973.0341796875
non_degenerate_n22_p100_seed4.json,non_degenerate,22,1.0,4,14.457144252000013,977.2763671875
non_degenerate_n22_p100_seed5.json,non_degenerate,22,1.0,5,0.8970483399999999,581.017578125
non_degenerate_n22_p100_seed6.json,non_degenerate,22,1.0,6,2.226022041999999,667.8896484375
non_degenerate_n22_p100_seed7.json,non_degenerate,22,1.0,7,18.884169940000007,947.46484375
non_degenerate_n22_p100_seed8.json,non_degenerate,22,1.0,8,12.526248537999992,973.0869140625
non_degenerate_n22_p100_seed9.json,non_degenerate,22,1.0,9,11.165859223,1004.9794921875
non_degenerate_n22_p30_seed1.json,non_degenerate,22,0.3,1,0.8840024349999989,445.421875
non_degenerate_n22_p30_seed10.json,non_degenerate,22,0.3,10,0.9329681629999992,482.5341796875
non_degenerate_n22_p30_seed2.json,non_degenerate,22,0.3,2,0.11915403299999996,336.876953125
non_degenerate_n22_p30_seed3.json,non_degenerate,22,0.3,3,4.742479869999997,695.2275390625
non_degenerate_n22_p30_seed4.json,non_degenerate,22,0.3,4,5.811685423999997,868.0322265625
non_degenerate_n22_p30_seed5.json,non_degenerate,22,0.3,5,0.4210732129999996,487.1083984375
non_degenerate_n22_p30_seed6.json,non_degenerate,22,0.3,6,0.8057361949999993,520.337890625
non_degenerate_n22_p30_seed7.json,non_degenerate,22,0.3,7,2.4880873140000013,514.177734375
non_degenerate_n22_p30_seed8.json,non_degenerate,22,0.3,8,0.038929589000000035,345.2255859375
non_degenerate_n22_p30_seed9.json,non_degenerate,22,0.3,9,5.438070152999998,671.935546875
non_degenerate_n22_p60_seed1.json,non_degenerate,22,0.6,1,3.8409507869999966,670.7275390625
non_degenerate_n22_p60_seed10.json,non_degenerate,22,0.6,10,1.574126818999999,618.1640625
non_degenerate_n22_p60_seed2.json,non_degenerate,22,0.6,2,0.5153082379999996,571.544921875
non_degenerate_n22_p60_seed3.json,non_degenerate,22,0.6,3,9.987877126000008,885.9072265625
non_degenerate_n22_p60_seed4.json,non_degenerate,22,0.6,4,7.483792907999999,717.99609375
non_degenerate_n22_p60_seed5.json,non_degenerate,22,0.6,5,0.6169127969999997,533.857421875
non_degenerate_n22_p60_seed6.json,non_degenerate,22,0.6,6,1.362505729,572.6826171875
non_degenerate_n22_p60_seed7.json,non_degenerate,22,0.6,7,12.578735188999994,908.2861328125
non_degenerate_n22_p60_seed8.json,non_degenerate,22,0.6,8,11.826760534999996,792.0009765625
non_degenerate_n22_p60_seed9.json,non_degenerate,22,0.6,9,7.116585778000001,834.7734375
non_degenerate_n25_p100_seed1.json,non_degenerate,25,1.0,1,2.8842714850000015,837.998046875
non_degenerate_n25_p100_seed10.json,non_degenerate,25,1.0,10,21.51048621199999,1080.1640625
non_degenerate_n25_p100_seed2.json,non_degenerate,25,1.0,2,41.204789205,1214.7333984375
non_degenerate_n25_p100_seed3.json,non_degenerate,25,1.0,3,22.110455405000017,1124.4541015625
non_degenerate_n25_p100_seed4.json,non_degenerate,25,1.0,4,23.063027137000006,1067.97265625
non_degenerate_n25_p100_seed5.json,non_degenerate,25,1.0,5,8.75063049600001,924.8955078125
non_degenerate_n25_p100_seed6.json,non_degenerate,25,1.0,6,11.665559768999996,1003.51953125
non_degenerate_n25_p100_seed7.json,non_degenerate,25,1.0,7,43.487481370000005,1309.1005859375
non_degenerate_n25_p100_seed8.json,non_degenerate,25,1.0,8,21.297064087000017,1073.9462890625
non_degenerate_n25_p100_seed9.json,non_degenerate,25,1.0,9,30.283125493000014,1129.3193359375
non_degenerate_n25_p30_seed1.json,non_degenerate,25,0.3,1,1.5451897760000004,474.484375
non_degenerate_n25_p30_seed10.json,non_degenerate,25,0.3,10,5.231227664999999,679.724609375
non_degenerate_n25_p30_seed2.json,non_degenerate,25,0.3,2,0.15951498900000002,408.5830078125
non_degenerate_n25_p30_seed3.json,non_degenerate,25,0.3,3,5.974511225999997,758.9892578125
non_degenerate_n25_p30_seed4.json,non_degenerate,25,0.3,4,10.432379438000014,961.3369140625
non_degenerate_n25_p30_seed5.json,non_degenerate,25,0.3,5,3.5538444350000016,685.71484375
non_degenerate_n25_p30_seed6.json,non_degenerate,25,0.3,6,4.351974376999998,781.5322265625
non_degenerate_n25_p30_seed7.json,non_degenerate,25,0.3,7,10.358627718000003,999.96484375
non_degenerate_n25_p30_seed8.json,non_degenerate,25,0.3,8,9.076498286999998,844.646484375
non_degenerate_n25_p30_seed9.json,non_degenerate,25,0.3,9,2.17817164,602.94140625
non_degenerate_n25_p60_seed1.json,non_degenerate,25,0.6,1,5.716893075,807.6865234375
non_degenerate_n25_p60_seed10.json,non_degenerate,25,0.6,10,8.610749183000001,874.85546875
non_degenerate_n25_p60_seed2.json,non_degenerate,25,0.6,2,0.7765149499999996,521.56640625
non_degenerate_n25_p60_seed3.json,non_degenerate,25,0.6,3,10.795261862999999,847.060546875
non_degenerate_n25_p60_seed4.json,non_degenerate,25,0.6,4,18.902844978999994,1008.3203125
non_degenerate_n25_p60_seed5.json,non_degenerate,25,0.6,5,6.851807454000002,909.03515625
non_degenerate_n25_p60_seed6.json,non_degenerate,25,0.6,6,8.323595640999999,839.67578125
non_degenerate_n25_p60_seed7.json,non_degenerate,25,0.6,7,24.826495602999998,1209.8701171875
non_degenerate_n25_p60_seed8.json,non_degenerate,25,0.6,8,18.556149334000015,995.03125
non_degenerate_n25_p60_seed9.json,non_degenerate,25,0.6,9,22.480950907999997,1074.4912109375
non_degenerate_n28_p100_seed1.json,non_degenerate,28,1.0,1,32.637695728999994,1203.6103515625
non_degenerate_n28_p100_seed10.json,non_degenerate,28,1.0,10,38.075405202999995,1264.7265625
non_degenerate_n28_p100_seed2.json,non_degenerate,28,1.0,2,1.4164115570000002,712.2412109375
non_degenerate_n28_p100_seed3.json,non_degenerate,28,1.0,3,31.461977614,1206.4091796875
non_degenerate_n28_p100_seed4.json,non_degenerate,28,1.0,4,26.869855818999984,1237.8896484375
non_degenerate_n28_p100_seed5.json,non_degenerate,28,1.0,5,31.447172335000015,1244.982421875
non_degenerate_n28_p100_seed6.json,non_degenerate,28,1.0,6,1.55607627,755.7099609375
non_degenerate_n28_p100_seed7.json,non_degenerate,28,1.0,7,55.991889734000054,1413.5537109375
non_degenerate_n28_p100_seed8.json,non_degenerate,28,1.0,8,31.75599645900002,1208.2763671875
non_degenerate_n28_p100_seed9.json,non_degenerate,28,1.0,9,66.26029708699997,1395.0888671875
non_degenerate_n28_p30_seed1.json,non_degenerate,28,0.3,1,3.0260028449999985,563.03125
non_degenerate_n28_p30_seed10.json,non_degenerate,28,0.3,10,15.174207014999991,1136.39453125
non_degenerate_n28_p30_seed2.json,non_degenerate,28,0.3,2,0.16435499199999995,357.5859375
non_degenerate_n28_p30_seed3.json,non_degenerate,28,0.3,3,3.8224864030000005,711.8251953125
non_degenerate_n28_p30_seed4.json,non_degenerate,28,0.3,4,12.205228648000004,844.7490234375
non_degenerate_n28_p30_seed5.json,non_degenerate,28,0.3,5,8.767269825999989,952.6572265625
non_degenerate_n28_p30_seed6.json,non_degenerate,28,0.3,6,0.5939021379999995,501.74609375
non_degenerate_n28_p30_seed7.json,non_degenerate,28,0.3,7,14.641841498999993,1098.94140625
non_degenerate_n28_p30_seed8.json,non_degenerate,28,0.3,8,12.441085484999999,1024.2138671875
non_degenerate_n28_p30_seed9.json,non_degenerate,28,0.3,9,27.455383654000002,1174.4033203125
non_degenerate_n28_p60_seed1.json,non_degenerate,28,0.6,1,16.433002099000007,1189.19921875
non_degenerate_n28_p60_seed10.json,non_degenerate,28,0.6,10,23.516820356000018,1154.5224609375
non_degenerate_n28_p60_seed2.json,non_degenerate,28,0.6,2,0.8171897820000005,531.0556640625
non_degenerate_n28_p60_seed3.json,non_degenerate,28,0.6,3,22.184523982999995,1082.9013671875
non_degenerate_n28_p60_seed4.json,non_degenerate,28,0.6,4,26.009504133999982,1123.080078125
non_degenerate_n28_p60_seed5.json,non_degenerate,28,0.6,5,19.689455727000006,1103.376953125
non_degenerate_n28_p60_seed6.json,non_degenerate,28,0.6,6,0.9183818380000001,603.693359375
non_degenerate_n28_p60_seed7.json,non_degenerate,28,0.6,7,39.32960706599997,1233.54296875
non_degenerate_n28_p60_seed8.json,non_degenerate,28,0.6,8,2.756821417000002,752.333984375
non_degenerate_n28_p60_seed9.json,non_degenerate,28,0.6,9,49.43571809400001,1276.294921875
non_degenerate_n31_p100_seed1.json,non_degenerate,31,1.0,1,76.60734361900003,1781.2587890625
non_degenerate_n31_p100_seed10.json,non_degenerate,31,1.0,10,0.43257642699999954,600.041015625
non_degenerate_n31_p100_seed2.json,non_degenerate,31,1.0,2,4.754252952000002,894.474609375
non_degenerate_n31_p100_seed3.json,non_degenerate,31,1.0,3,44.420142740000095,1451.546875
non_degenerate_n31_p100_seed4.json,non_degenerate,31,1.0,4,38.61618253800002,1305.021484375
non_degenerate_n31_p100_seed5.json,non_degenerate,31,1.0,5,106.27342350299999,1834.3828125
non_degenerate_n31_p100_seed6.json,non_degenerate,31,1.0,6,14.444127616000003,1048.1005859375
non_degenerate_n31_p100_seed7.json,non_degenerate,31,1.0,7,58.77441464100002,1384.2939453125
non_degenerate_n31_p100_seed8.json,non_degenerate,31,1.0,8,59.824589817000025,1676.736328125
non_degenerate_n31_p100_seed9.json,non_degenerate,31,1.0,9,87.43331962100001,1677.98046875
non_degenerate_n31_p30_seed1.json,non_degenerate,31,0.3,1,3.5270074089999994,679.4453125
non_degenerate_n31_p30_seed10.json,non_degenerate,31,0.3,10,24.43460468499999,1377.8056640625
non_degenerate_n31_p30_seed2.json,non_degenerate,31,0.3,2,0.4842909089999998,446.361328125
non_degenerate_n31_p30_seed3.json,non_degenerate,31,0.3,3,24.420794297999997,1461.2578125
non_degenerate_n31_p30_seed4.json,non_degenerate,31,0.3,4,20.707236548000015,1150.5048828125
non_degenerate_n31_p30_seed5.json,non_degenerate,31,0.3,5,23.942256625000006,1169.7216796875
non_degenerate_n31_p30_seed6.json,non_degenerate,31,0.3,6,4.8856481449999976,909.634765625
non_degenerate_n31_p30_seed7.json,non_degenerate,31,0.3,7,9.308638619999998,1000.8173828125
non_degenerate_n31_p30_seed8.json,non_degenerate,31,0.3,8,13.14774703800001,1063.734375
non_degenerate_n31_p30_seed9.json,non_degenerate,31,0.3,9,35.22628571800001,1472.84765625
non_degenerate_n31_p60_seed1.json,non_degenerate,31,0.6,1,19.18982239000001,1133.3916015625
non_degenerate_n31_p60_seed10.json,non_degenerate,31,0.6,10,52.12067617600001,1483.65625
non_degenerate_n31_p60_seed2.json,non_degenerate,31,0.6,2,2.340325031999998,677.3359375
non_degenerate_n31_p60_seed3.json,non_degenerate,31,0.6,3,28.823472203000033,1307.23046875
non_degenerate_n31_p60_seed4.json,non_degenerate,31,0.6,4,29.256411761,1285.87109375
non_degenerate_n31_p60_seed5.json,non_degenerate,31,0.6,5,59.17137453500002,1436.6796875
non_degenerate_n31_p60_seed6.json,non_degenerate,31,0.6,6,9.346785961000002,979.904296875
non_degenerate_n31_p60_seed7.json,non_degenerate,31,0.6,7,44.47873795400001,1600.5224609375
non_degenerate_n31_p60_seed8.json,non_degenerate,31,0.6,8,26.947060157999992,1269.603515625
non_degenerate_n31_p60_seed9.json,non_degenerate,31,0.6,9,54.84185477499999,1451.4013671875
non_degenerate_n34_p100_seed1.json,non_degenerate,34,1.0,1,70.73845279999996,1734.2861328125
non_degenerate_n34_p100_seed10.json,non_degenerate,34,1.0,10,5.927416124,919.5400390625
non_degenerate_n34_p100_seed2.json,non_degenerate,34,1.0,2,63.27323753300002,1801.84765625
non_degenerate_n34_p100_seed3.json,non_degenerate,34,1.0,3,95.48910707599997,2031.630859375
non_degenerate_n34_p100_seed4.json,non_degenerate,34,1.0,4,171.40297928300006,2094.5029296875
non_degenerate_n34_p100_seed5.json,non_degenerate,34,1.0,5,179.11123309899995,1719.9716796875
non_degenerate_n34_p100_seed6.json,non_degenerate,34,1.0,6,31.581145778999982,1340.90625
non_degenerate_n34_p100_seed7.json,non_degenerate,34,1.0,7,99.62426360800004,1935.1640625
non_degenerate_n34_p100_seed8.json,non_degenerate,34,1.0,8,108.13659314399987,2019.6357421875
non_degenerate_n34_p100_seed9.json,non_degenerate,34,1.0,9,5.909029082,941.291015625
non_degenerate_n34_p30_seed1.json,non_degenerate,34,0.3,1,18.712811486999993,1137.595703125
non_degenerate_n34_p30_seed10.json,non_degenerate,34,0.3,10,1.9588080980000018,660.7451171875
non_degenerate_n34_p30_seed2.json,non_degenerate,34,0.3,2,2.7034147189999995,623.0341796875
non_degenerate_n34_p30_seed3.json,non_degenerate,34,0.3,3,44.975073725,1574.8505859375
non_degenerate_n34_p30_seed4.json,non_degenerate,34,0.3,4,53.476036110000024,1617.2685546875
non_degenerate_n34_p30_seed5.json,non_degenerate,34,0.3,5,41.958596029000034,1572.8837890625
non_degenerate_n34_p30_seed6.json,non_degenerate,34,0.3,6,22.395672326000003,1262.3134765625
non_degenerate_n34_p30_seed7.json,non_degenerate,34,0.3,7,37.49789538000003,1571.7333984375
non_degenerate_n34_p30_seed8.json,non_degenerate,34,0.3,8,44.942010804000006,1480.91796875
non_degenerate_n34_p30_seed9.json,non_degenerate,34,0.3,9,5.874352243999996,947.1455078125
non_degenerate_n34_p60_seed1.json,non_degenerate,34,0.6,1,41.493396094999945,1500.9814453125
non_degenerate_n34_p60_seed10.json,non_degenerate,34,0.6,10,3.620667948000001,787.412109375
non_degenerate_n34_p60_seed2.json,non_degenerate,34,0.6,2,6.135391224000001,960.501953125
non_degenerate_n34_p60_seed3.json,non_degenerate,34,0.6,3,112.16772989499995,1925.7470703125
non_degenerate_n34_p60_seed4.json,non_degenerate,34,0.6,4,107.020928383,1931.8173828125
non_degenerate_n34_p60_seed5.json,non_degenerate,34,0.6,5,1.2952534630000003,701.8212890625
non_degenerate_n34_p60_seed6.json,non_degenerate,34,0.6,6,18.156903872999997,1280.0966796875
non_degenerate_n34_p60_seed7.json,non_degenerate,34,0.6,7,79.33460553500004,1783.0947265625
non_degenerate_n34_p60_seed8.json,non_degenerate,34,0.6,8,77.05019646699996,1721.0673828125
non_degenerate_n34_p60_seed9.json,non_degenerate,34,0.6,9,8.205831020000002,996.3955078125
non_degenerate_n37_p100_seed1.json,non_degenerate,37,1.0,1,226.945608024,2486.9404296875
non_degenerate_n37_p100_seed10.json,non_degenerate,37,1.0,10,7.355910762999995,1005.7744140625
non_degenerate_n37_p100_seed2.json,non_degenerate,37,1.0,2,12.071871551000003,1085.1279296875
non_degenerate_n37_p100_seed3.json,non_degenerate,37,1.0,3,153.77019073500006,2719.6943359375
non_degenerate_n37_p100_seed4.json,non_degenerate,37,1.0,4,175.856175601,2453.1142578125
non_degenerate_n37_p100_seed5.json,non_degenerate,37,1.0,5,100.73566033000009,2148.4912109375
non_degenerate_n37_p100_seed6.json,non_degenerate,37,1.0,6,18.826873145000008,1172.51171875
non_degenerate_n37_p100_seed7.json,non_degenerate,37,1.0,7,180.89417037000013,2735.7900390625
non_degenerate_n37_p100_seed8.json,non_degenerate,37,1.0,8,1.3779026509999992,654.5576171875
non_degenerate_n37_p100_seed9.json,non_degenerate,37,1.0,9,44.64337691099998,1631.5517578125
non_degenerate_n37_p30_seed1.json,non_degenerate,37,0.3,1,24.801976709000005,1238.3779296875
non_degenerate_n37_p30_seed10.json,non_degenerate,37,0.3,10,2.424586228999999,759.6982421875
non_degenerate_n37_p30_seed2.json,non_degenerate,37,0.3,2,3.0631815369999984,699.73828125
non_degenerate_n37_p30_seed3.json,non_degenerate,37,0.3,3,72.46232603299998,1970.5732421875
non_degenerate_n37_p30_seed4.json,non_degenerate,37,0.3,4,70.35389722599997,1953.5126953125
non_degenerate_n37_p30_seed5.json,non_degenerate,37,0.3,5,71.06815168600009,2000.591796875
non_degenerate_n37_p30_seed6.json,non_degenerate,37,0.3,6,9.431401496999998,1083.26171875
non_degenerate_n37_p30_seed7.json,non_degenerate,37,0.3,7,68.61298834000009,1975.8671875
non_degenerate_n37_p30_seed8.json,non_degenerate,37,0.3,8,61.94008919500005,1778.3486328125
non_degenerate_n37_p30_seed9.json,non_degenerate,37,0.3,9,20.18516309900001,1261.05078125
non_degenerate_n37_p60_seed1.json,non_degenerate,37,0.6,1,46.393716909999995,1649.95703125
non_degenerate_n37_p60_seed10.json,non_degenerate,37,0.6,10,5.198213256000005,877.73828125
non_degenerate_n37_p60_seed2.json,non_degenerate,37,0.6,2,9.080293676999998,933.96875
non_degenerate_n37_p60_seed3.json,non_degenerate,37,0.6,3,140.8432740179999,2417.6376953125
non_degenerate_n37_p60_seed4.json,non_degenerate,37,0.6,4,146.9640551390002,2056.6708984375
non_degenerate_n37_p60_seed5.json,non_degenerate,37,0.6,5,80.42193462899996,2106.302734375
non_degenerate_n37_p60_seed6.json,non_degenerate,37,0.6,6,21.11111094100001,1347.1240234375
non_degenerate_n37_p60_seed7.json,non_degenerate,37,0.6,7,136.64965300299997,2332.09765625
non_degenerate_n37_p60_seed8.json,non_degenerate,37,0.6,8,120.74208981100014,2386.396484375
non_degenerate_n37_p60_seed9.json,non_degenerate,37,0.6,9,122.96474227799993,2309.361328125
non_degenerate_n40_p100_seed1.json,non_degenerate,40,1.0,1,307.409207079,3337.37109375
non_degenerate_n40_p100_seed10.json,non_degenerate,40,1.0,10,0.7503256759999999,661.67578125
non_degenerate_n40_p100_seed2.json,non_degenerate,40,1.0,2,15.817909977000006,1096.224609375
non_degenerate_n40_p100_seed3.json,non_degenerate,40,1.0,3,238.3826393819999,3457.9013671875
non_degenerate_n40_p100_seed4.json,non_degenerate,40,1.0,4,21.03991759600001,1361.4013671875
non_degenerate_n40_p100_seed5.json,non_degenerate,40,1.0,5,274.06524440000015,2962.2216796875
non_degenerate_n40_p100_seed6.json,non_degenerate,40,1.0,6,219.263533598,3455.7314453125
non_degenerate_n40_p100_seed7.json,non_degenerate,40,1.0,7,14.464724881999995,1163.6396484375
non_degenerate_n40_p100_seed8.json,non_degenerate,40,1.0,8,215.7057679280001,3195.087890625
non_degenerate_n40_p100_seed9.json,non_degenerate,40,1.0,9,88.93268092600009,2076.994140625
non_degenerate_n40_p30_seed1.json,non_degenerate,40,0.3,1,22.619383057999997,1296.693359375
non_degenerate_n40_p30_seed10.json,non_degenerate,40,0.3,10,2.366475664,648.3486328125
non_degenerate_n40_p30_seed2.json,non_degenerate,40,0.3,2,3.6821159319999985,669.3134765625
non_degenerate_n40_p30_seed3.json,non_degenerate,40,0.3,3,86.30524452800007,2554.09765625
non_degenerate_n40_p30_seed4.json,non_degenerate,40,0.3,4,98.51664221099996,2590.03125
non_degenerate_n40_p30_seed5.json,non_degenerate,40,0.3,5,28.47793591400002,1435.2236328125
non_degenerate_n40_p30_seed6.json,non_degenerate,40,0.3,6,2.3714049289999983,653.79296875
non_degenerate_n40_p30_seed7.json,non_degenerate,40,0.3,7,117.69540386999998,2122.220703125
non_degenerate_n40_p30_seed8.json,non_degenerate,40,0.3,8,85.25281414700002,2530.6298828125
non_degenerate_n40_p30_seed9.json,non_degenerate,40,0.3,9,66.806997459,2134.9892578125
non_degenerate_n40_p60_seed1.json,non_degenerate,40,0.6,1,36.34654818199998,1688.240234375
non_degenerate_n40_p60_seed10.json,non_degenerate,40,0.6,10,4.948855244000001,985.0869140625
non_degenerate_n40_p60_seed2.json,non_degenerate,40,0.6,2,9.640428359000005,1021.580078125
non_degenerate_n40_p60_seed3.json,non_degenerate,40,0.6,3,136.40475308199998,2655.083984375
non_degenerate_n40_p60_seed4.json,non_degenerate,40,0.6,4,154.04026148999995,3076.6279296875
non_degenerate_n40_p60_seed5.json,non_degenerate,40,0.6,5,170.37146063400002,3195.5419921875
non_degenerate_n40_p60_seed6.json,non_degenerate,40,0.6,6,4.976737132999999,916.8935546875
non_degenerate_n40_p60_seed7.json,non_degenerate,40,0.6,7,206.33860388100024,2886.3720703125
non_degenerate_n40_p60_seed8.json,non_degenerate,40,0.6,8,151.23954943600023,3022.5830078125
non_degenerate_n40_p60_seed9.json,non_degenerate,40,0.6,9,77.34390151600006,2081.607421875
non_degenerate_n4_p100_seed1.json,non_degenerate,4,1.0,1,0.018204989000000005,174.8486328125
non_degenerate_n4_p100_seed10.json,non_degenerate,4,1.0,10,0.01852820899999999,174.666015625
non_degenerate_n4_p100_seed2.json,non_degenerate,4,1.0,2,0.01582608800000001,174.705078125
non_degenerate_n4_p100_seed3.json,non_degenerate,4,1.0,3,0.016859955,175.1552734375
non_degenerate_n4_p100_seed4.json,non_degenerate,4,1.0,4,0.01576163700000001,173.810546875
non_degenerate_n4_p100_seed5.json,non_degenerate,4,1.0,5,0.017950964999999985,174.5224609375
non_degenerate_n4_p100_seed6.json,non_degenerate,4,1.0,6,0.017576165999999994,174.166015625
non_degenerate_n4_p100_seed7.json,non_degenerate,4,1.0,7,0.026163778999999995,200.197265625
non_degenerate_n4_p100_seed8.json,non_degenerate,4,1.0,8,0.017092845,175.494140625
non_degenerate_n4_p100_seed9.json,non_degenerate,4,1.0,9,0.027491923000000005,200.720703125
non_degenerate_n4_p30_seed1.json,non_degenerate,4,0.3,1,0.011133356000000007,134.4248046875
non_degenerate_n4_p30_seed10.json,non_degenerate,4,0.3,10,0.01366198000000001,157.001953125
non_degenerate_n4_p30_seed2.json,non_degenerate,4,0.3,2,0.010157695999999996,134.3134765625
non_degenerate_n4_p30_seed3.json,non_degenerate,4,0.3,3,0.010292646,134.8271484375
non_degenerate_n4_p30_seed4.json,non_degenerate,4,0.3,4,0.013602878999999993,157.4658203125
non_degenerate_n4_p30_seed5.json,non_degenerate,4,0.3,5,0.010402209999999993,134.1689453125
non_degenerate_n4_p30_seed6.json,non_degenerate,4,0.3,6,0.011006165999999996,134.7548828125
non_degenerate_n4_p30_seed7.json,non_degenerate,4,0.3,7,0.01302287100000001,156.802734375
non_degenerate_n4_p30_seed8.json,non_degenerate,4,0.3,8,0.009333432000000001,134.5927734375
non_degenerate_n4_p30_seed9.json,non_degenerate,4,0.3,9,0.011623804999999997,154.7900390625
non_degenerate_n4_p60_seed1.json,non_degenerate,4,0.6,1,0.015584156000000005,174.7607421875
non_degenerate_n4_p60_seed10.json,non_degenerate,4,0.6,10,0.015299474000000014,174.091796875
non_degenerate_n4_p60_seed2.json,non_degenerate,4,0.6,2,0.010640028,134.91015625
non_degenerate_n4_p60_seed3.json,non_degenerate,4,0.6,3,0.015336474000000015,174.0791015625
non_degenerate_n4_p60_seed4.json,non_degenerate,4,0.6,4,0.014079739999999993,174.42578125
non_degenerate_n4_p60_seed5.json,non_degenerate,4,0.6,5,0.010482905,134.1279296875
non_degenerate_n4_p60_seed6.json,non_degenerate,4,0.6,6,0.01368979900000001,156.55078125
non_degenerate_n4_p60_seed7.json,non_degenerate,4,0.6,7,0.018735351999999997,178.0927734375
non_degenerate_n4_p60_seed8.json,non_degenerate,4,0.6,8,0.015706885000000007,175.189453125
non_degenerate_n4_p60_seed9.json,non_degenerate,4,0.6,9,0.011664886000000008,154.37890625
non_degenerate_n7_p100_seed1.json,non_degenerate,7,1.0,1,0.07776197000000003,406.166015625
non_degenerate_n7_p100_seed10.json,non_degenerate,7,1.0,10,0.08218493800000003,404.095703125
non_degenerate_n7_p100_seed2.json,non_degenerate,7,1.0,2,0.031089877000000016,277.310546875
non_degenerate_n7_p100_seed3.json,non_degenerate,7,1.0,3,0.085903067,410.6044921875
non_degenerate_n7_p100_seed4.json,non_degenerate,7,1.0,4,0.08015203900000006,404.458984375
non_degenerate_n7_p100_seed5.json,non_degenerate,7,1.0,5,0.08465869200000009,407.0537109375
non_degenerate_n7_p100_seed6.json,non_degenerate,7,1.0,6,0.09031142300000002,406.0693359375
non_degenerate_n7_p100_seed7.json,non_degenerate,7,1.0,7,0.13064122200000003,448.0341796875
non_degenerate_n7_p100_seed8.json,non_degenerate,7,1.0,8,0.087827932,478.6494140625
non_degenerate_n7_p100_seed9.json,non_degenerate,7,1.0,9,0.14809423700000005,454.353515625
non_degenerate_n7_p30_seed1.json,non_degenerate,7,0.3,1,0.017870088999999995,180.4306640625
non_degenerate_n7_p30_seed10.json,non_degenerate,7,0.3,10,0.05790615300000003,281.35546875
non_degenerate_n7_p30_seed2.json,non_degenerate,7,0.3,2,0.01357262599999999,156.2939453125
non_degenerate_n7_p30_seed3.json,non_degenerate,7,0.3,3,0.021148301000000005,183.498046875
non_degenerate_n7_p30_seed4.json,non_degenerate,7,0.3,4,0.01640122600000001,180.9169921875
non_degenerate_n7_p30_seed5.json,non_degenerate,7,0.3,5,0.039916933999999994,243.2763671875
non_degenerate_n7_p30_seed6.json,non_degenerate,7,0.3,6,0.023075364000000008,201.619140625
non_degenerate_n7_p30_seed7.json,non_degenerate,7,0.3,7,0.081187903,330.103515625
non_degenerate_n7_p30_seed8.json,non_degenerate,7,0.3,8,0.023284473000000017,201.1533203125
non_degenerate_n7_p30_seed9.json,non_degenerate,7,0.3,9,0.025800262000000004,210.9521484375
non_degenerate_n7_p60_seed1.json,non_degenerate,7,0.6,1,0.06227910899999999,328.23046875
non_degenerate_n7_p60_seed10.json,non_degenerate,7,0.6,10,0.06007899099999998,328.068359375
non_degenerate_n7_p60_seed2.json,non_degenerate,7,0.6,2,0.019098960999999998,202.30859375
non_degenerate_n7_p60_seed3.json,non_degenerate,7,0.6,3,0.06550294200000004,343.4609375
non_degenerate_n7_p60_seed4.json,non_degenerate,7,0.6,4,0.06050605100000006,352.353515625
non_degenerate_n7_p60_seed5.json,non_degenerate,7,0.6,5,0.034649346000000025,253.5361328125
non_degenerate_n7_p60_seed6.json,non_degenerate,7,0.6,6,0.05136293900000001,303.0556640625
non_degenerate_n7_p60_seed7.json,non_degenerate,7,0.6,7,0.113264495,413.3388671875
non_degenerate_n7_p60_seed8.json,non_degenerate,7,0.6,8,0.08704007400000001,385.6826171875
non_degenerate_n7_p60_seed9.json,non_degenerate,7,0.6,9,0.06019095100000003,289.78125
